ring_id,vertex_id,x,y
0,0,-800,-800
0,1,800,-800
0,2,800,800
0,3,-800,800
1,0,-191.433,-115.206
1,1,-289.433,-186.407
1,2,-410.567,-186.407
1,3,-508.567,-115.206
1,4,-546,2.40031e-14
1,5,-508.567,115.206
1,6,-410.567,186.407
1,7,-289.433,186.407
1,8,-191.433,115.206
1,9,-154,0
2,0,508.567,-115.206
2,1,410.567,-186.407
2,2,289.433,-186.407
2,3,191.433,-115.206
2,4,154,2.40031e-14
2,5,191.433,115.206
2,6,289.433,186.407
2,7,410.567,186.407
2,8,508.567,115.206
2,9,546,0
